City_ID,City,Lat,Lng,Max Temp,Humidity,Cloudiness,Wind Speed,Weather Description
0,Eregli,37.5133,34.0467,87.67,23,4,7.78,clear sky
1,Vanavara,60.34,102.2797,46.35,85,100,5.03,overcast clouds
2,Geraldton,-28.7667,114.6,50.41,93,0,6.91,clear sky
3,Meulaboh,4.1363,96.1285,78.31,87,100,5.41,light rain
4,Puro,12.4841,123.3827,80.15,79,99,1.72,overcast clouds
5,Roald,62.5833,6.1333,68.92,68,20,11.5,few clouds
6,Port Alfred,-33.5906,26.891,52.18,90,90,7.0,light rain
7,Hami,42.8,93.45,78.71,18,15,15.17,few clouds
8,Rikitea,-23.1203,-134.9692,73.4,74,57,13.94,broken clouds
9,King City,36.2127,-121.126,70.07,45,0,0.92,clear sky
10,Hermanus,-34.4187,19.2345,56.8,59,92,11.05,overcast clouds
11,Ancud,-41.8697,-73.8203,52.23,91,100,3.27,overcast clouds
12,Busselton,-33.65,115.3333,56.98,67,71,5.32,broken clouds
13,Ambilobe,-13.2,49.05,81.57,47,42,8.79,scattered clouds
14,Half Moon Bay,37.4636,-122.4286,60.71,92,100,10.36,mist
15,Noumea,-22.2763,166.4572,71.01,99,66,8.75,broken clouds
16,Waipawa,-41.4122,175.5153,53.1,82,39,17.87,scattered clouds
17,Hobart,-42.8794,147.3294,38.05,87,40,9.22,scattered clouds
18,Makakilo City,21.3469,-158.0858,77.32,73,0,10.36,clear sky
19,Klaksvik,62.2266,-6.589,50.92,88,100,18.48,light rain
20,Jamestown,42.097,-79.2353,78.51,58,0,3.44,clear sky
21,Awjilah,29.1081,21.2869,101.86,14,0,15.1,clear sky
22,Ushuaia,-54.8,-68.3,38.82,60,0,6.91,clear sky
23,Walvis Bay,-22.9575,14.5053,83.35,21,62,25.32,broken clouds
24,Dikson,73.5069,80.5464,43.02,80,100,8.37,overcast clouds
25,Hithadhoo,-0.6,73.0833,81.27,77,100,8.95,overcast clouds
26,Vao,-22.6667,167.4833,70.7,90,100,15.75,overcast clouds
27,Tasiilaq,65.6145,-37.6368,44.76,73,100,1.16,overcast clouds
28,Mataura,-46.1927,168.8643,48.47,99,100,1.45,light rain
29,Marawi,7.9986,124.2928,69.53,90,100,3.65,moderate rain
30,Bredasdorp,-34.5322,20.0403,56.19,55,92,12.39,overcast clouds
31,Ninghai,29.2892,121.4247,82.02,86,100,1.79,overcast clouds
32,Port Lincoln,-34.7333,135.8667,54.68,85,93,5.91,overcast clouds
33,Verkhniye Kigi,55.4083,58.6044,70.29,70,37,7.14,scattered clouds
34,Rio Gallegos,-51.6226,-69.2181,39.25,70,0,6.91,clear sky
35,Hay River,60.8156,-115.7999,62.58,77,7,8.05,clear sky
36,Saint George,37.1041,-113.5841,78.64,55,0,5.01,clear sky
37,Cape Town,-33.9258,18.4232,61.11,56,75,11.5,broken clouds
38,Talnakh,69.4865,88.3972,49.17,50,90,16.82,overcast clouds
39,Kodiak,57.79,-152.4072,54.91,94,100,5.75,overcast clouds
40,Upernavik,72.7868,-56.1549,38.3,62,7,4.38,clear sky
41,Tautira,-17.7333,-149.15,76.06,81,93,14.09,light rain
42,Cidreira,-30.1811,-50.2056,55.76,58,0,11.9,clear sky
43,Vilhena,-12.7406,-60.1458,64.62,45,0,14.97,clear sky
44,New Norfolk,-42.7826,147.0587,37.71,79,50,2.93,scattered clouds
45,Muros,42.7762,-9.0603,88.68,51,30,14.85,scattered clouds
46,Faanui,-16.4833,-151.75,77.67,73,51,16.15,broken clouds
47,Saint-Philippe,-21.3585,55.7679,72.99,79,16,14.72,few clouds
48,Fortuna,40.5982,-124.1573,57.92,92,97,5.08,overcast clouds
49,Chokurdakh,70.6333,147.9167,56.79,64,1,10.38,clear sky
50,Carnarvon,-24.8667,113.6333,70.45,43,0,9.4,clear sky
51,Badvel,14.75,79.05,87.82,52,100,9.31,overcast clouds
52,Shimoda,34.6667,138.95,77.11,89,100,6.08,overcast clouds
53,Punta Arenas,-53.15,-70.9167,39.22,87,0,4.61,clear sky
54,Sibolga,1.7427,98.7792,76.87,90,100,3.33,overcast clouds
55,Isangel,-19.55,169.2667,73.17,79,13,8.57,few clouds
56,Flin Flon,54.7682,-101.865,69.64,78,20,5.75,few clouds
57,Nikolskoye,59.7035,30.7861,81.91,31,0,10.18,clear sky
58,East London,-33.0153,27.9116,56.34,67,0,27.63,clear sky
59,Atuona,-9.8,-139.0333,76.32,75,9,15.84,clear sky
60,Vostok,46.4856,135.8833,47.84,93,15,5.59,moderate rain
61,Qaanaaq,77.484,-69.3632,36.75,52,95,5.93,overcast clouds
62,Mahebourg,-20.4081,57.7,73.69,73,75,12.66,broken clouds
63,Carauari,-4.8828,-66.8958,76.01,59,83,6.2,broken clouds
64,Ilulissat,69.2167,-51.1,41.02,56,75,6.91,broken clouds
65,Arraial Do Cabo,-22.9661,-42.0278,67.86,60,100,8.05,overcast clouds
66,Kapaa,22.0752,-159.319,76.1,88,40,10.36,scattered clouds
67,Hamilton,39.1834,-84.5333,77.88,80,0,9.22,clear sky
68,Oceanside,33.1959,-117.3795,70.38,86,100,6.91,overcast clouds
69,Rawson,-43.3002,-65.1023,52.09,66,40,5.75,light rain
70,Beyneu,45.3167,55.2,80.71,18,26,18.19,scattered clouds
71,Te Anau,-45.4167,167.7167,43.92,92,98,2.33,overcast clouds
72,Komsomolskiy,40.4272,71.7189,83.12,16,5,2.3,clear sky
73,Ahipara,-35.1667,173.1667,56.28,92,19,5.61,few clouds
74,Tuktoyaktuk,69.4541,-133.0374,41.0,87,100,4.61,light rain
75,Dicabisagan,17.0818,122.4157,79.9,85,40,2.01,light rain
76,Padang,-0.9492,100.3543,76.73,92,100,2.55,overcast clouds
77,Kavieng,-2.5744,150.7967,80.65,80,100,13.0,light rain
78,Zhigansk,66.7697,123.3711,47.64,92,100,11.92,moderate rain
79,Caravelas,-17.7125,-39.2481,78.13,58,0,10.31,clear sky
80,Saint-Leu,-21.15,55.2833,72.46,66,2,5.61,clear sky
81,Sabang,5.8933,95.3214,83.05,77,85,17.45,overcast clouds
82,Butaritari,3.0707,172.7902,80.55,75,14,6.29,light rain
83,Sevierville,35.8681,-83.5618,78.78,76,75,0.0,broken clouds
84,Kande,9.9578,1.0447,78.37,80,100,9.42,light rain
85,Hasaki,35.7333,140.8333,77.4,87,100,7.9,overcast clouds
86,Jiuquan,39.7432,98.5174,82.22,24,64,13.04,broken clouds
87,Bluff,-46.6,168.3333,48.79,94,100,6.78,light rain
88,Khatanga,71.9667,102.5,41.43,63,11,3.85,few clouds
89,Avarua,-21.2078,-159.775,75.25,88,75,13.8,broken clouds
90,Albany,42.6001,-73.9662,81.95,65,87,2.53,overcast clouds
91,Sinnamary,5.3833,-52.95,85.71,66,100,9.93,overcast clouds
92,Berlevag,70.8578,29.0864,71.55,64,40,13.8,scattered clouds
93,Buala,-8.145,159.5921,78.84,84,100,7.72,overcast clouds
94,Bakchar,57.0186,82.0711,58.32,62,100,4.72,overcast clouds
95,Hollola,61.05,25.4333,77.65,49,51,14.47,broken clouds
96,Sitka,57.0531,-135.33,55.29,94,100,3.44,overcast clouds
97,Vaini,-21.2,-175.2,71.46,72,8,19.98,clear sky
98,Hilo,19.7297,-155.09,74.28,68,0,6.91,clear sky
99,Vila Franca Do Campo,37.7167,-25.4333,73.81,64,0,4.56,clear sky
100,San Juan,-31.5375,-68.5364,57.31,19,2,1.57,clear sky
101,Sistranda,63.7256,8.834,57.16,83,100,9.22,overcast clouds
102,Freistadt,48.511,14.5045,63.41,92,100,7.43,overcast clouds
103,Turukhansk,65.8167,87.9833,45.21,95,100,6.64,overcast clouds
104,Gazanjyk,39.2446,55.5154,91.6,13,0,20.71,clear sky
105,Yellowknife,62.456,-114.3525,57.72,94,20,11.5,few clouds
106,Samarai,-10.6167,150.6667,78.13,80,71,11.54,broken clouds
107,Grahamstown,-33.3042,26.5328,45.95,71,59,25.26,light rain
108,Paidha,2.4167,30.9855,69.62,81,40,4.97,moderate rain
109,Thompson,55.7435,-97.8558,68.16,77,20,6.91,few clouds
110,Bengkulu,-3.8004,102.2655,76.98,90,100,5.19,overcast clouds
111,Emerald,-23.5333,148.1667,55.35,59,0,13.29,clear sky
112,Cherskiy,68.75,161.3,54.18,48,0,11.32,clear sky
113,Lavrentiya,65.5833,-171.0,41.88,89,62,8.3,broken clouds
114,Sao Joao Da Barra,-21.6403,-41.0511,66.29,71,100,19.1,overcast clouds
115,Tashtyp,52.7939,89.8983,44.24,95,100,4.12,overcast clouds
116,Ribeira Grande,38.5167,-28.7,77.4,78,40,4.61,scattered clouds
117,Seddon,-37.8068,144.8916,48.61,84,75,2.3,broken clouds
118,Castro,-24.7911,-50.0119,49.37,68,100,12.73,overcast clouds
119,Borazjan,29.2666,51.2159,107.19,21,0,9.26,clear sky
120,Kruisfontein,-34.0033,24.7314,53.89,62,31,22.59,light rain
121,Chuy,-33.6971,-53.4616,51.96,53,2,7.27,clear sky
122,Charyshskoye,51.3978,83.5598,47.44,85,8,2.48,clear sky
123,Arona,28.0996,-16.681,80.69,55,0,10.36,clear sky
124,Kandrian,-6.2167,149.55,77.36,88,78,13.65,light rain
125,Georgetown,5.4112,100.3354,86.9,82,40,2.3,light rain
126,Bud,39.447,-86.1758,75.22,86,100,7.27,overcast clouds
127,Plastun,44.7561,136.2939,60.76,67,0,6.73,clear sky
128,Puerto Ayora,-0.7393,-90.3518,71.56,98,98,5.01,light rain
129,College,64.8569,-147.8028,49.95,81,75,9.22,haze
130,Oranjestad,12.524,-70.027,85.95,70,20,20.71,few clouds
131,San Vicente De Canete,-13.0751,-76.3835,63.05,75,54,4.32,broken clouds
132,Dunedin,-45.8742,170.5036,52.81,85,100,3.53,overcast clouds
133,Bundaberg,-24.85,152.35,53.22,92,5,6.24,clear sky
134,Port Hedland,-20.3167,118.5667,68.05,34,0,5.75,clear sky
135,Pisco,-13.7,-76.2167,59.05,82,100,4.61,mist
136,Neuquen,-38.9516,-68.0591,53.49,58,0,5.75,clear sky
137,Fuyu,45.1833,124.8167,60.73,68,39,9.51,scattered clouds
138,Umba,66.6871,34.3429,70.03,71,90,5.99,light rain
139,Pula,44.8683,13.8481,73.96,78,20,9.22,few clouds
140,Novosheshminsk,55.0651,51.2338,74.93,42,0,6.8,clear sky
141,Nongan,44.382,125.1685,61.09,77,45,8.23,scattered clouds
142,Ghanzi,-21.5667,21.7833,74.59,9,19,14.05,few clouds
143,Muskogee,35.5834,-95.3336,80.35,69,0,9.22,clear sky
144,Chumikan,54.7183,135.315,52.34,90,100,11.21,light rain
145,Unai,-16.3575,-46.9061,79.59,34,0,13.98,clear sky
146,Los Llanos De Aridane,28.6585,-17.9182,73.13,85,75,13.8,broken clouds
147,Paita,-5.0892,-81.1144,64.78,78,85,10.36,overcast clouds
148,Touros,-5.1989,-35.4608,83.12,56,8,20.65,clear sky
149,Yangliuqing,39.1375,116.9997,78.75,67,48,8.28,scattered clouds
150,Aksarka,66.5606,67.7975,59.41,42,16,2.19,few clouds
151,Boa Vista,2.8197,-60.6733,87.78,58,20,4.61,few clouds
152,Saskylakh,71.9167,114.0833,43.56,59,91,6.62,overcast clouds
153,Barrow,71.2906,-156.7887,30.22,93,100,10.36,overcast clouds
154,Bithur,26.6333,80.2833,84.94,74,59,9.17,light rain
155,Necochea,-38.5473,-58.7368,56.43,42,100,16.4,overcast clouds
156,Saldanha,-33.0117,17.9442,60.85,61,28,14.36,scattered clouds
157,Tufanganj,26.3167,89.6667,85.98,72,85,1.99,overcast clouds
158,Alyangula,-13.8483,136.4192,68.0,74,0,10.33,clear sky
159,Loa Janan,-0.583,117.095,74.61,95,75,2.51,broken clouds
160,Cheremukhovo,60.3484,59.9851,69.12,87,60,2.46,light rain
161,La Ronge,55.1001,-105.2842,66.45,72,75,5.75,broken clouds
162,Missoula,47.0166,-113.8009,60.1,71,17,1.16,few clouds
163,Alofi,-19.0595,-169.9187,62.49,100,17,1.14,few clouds
164,Praia Da Vitoria,38.7333,-27.0667,79.05,83,75,5.08,broken clouds
165,Anadyr,64.75,177.4833,41.5,86,0,4.47,clear sky
166,Havre-Saint-Pierre,50.2334,-63.5986,73.76,68,0,4.61,clear sky
167,Aklavik,68.2191,-135.0107,41.22,87,100,2.37,overcast clouds
168,Port Elizabeth,-33.918,25.5701,56.1,88,75,23.02,light rain
169,Najran,17.4924,44.1277,101.05,13,94,14.43,overcast clouds
170,Tulum,20.2167,-87.4667,83.05,79,18,7.83,few clouds
171,Victoria,22.2855,114.1577,84.33,88,24,11.01,few clouds
172,Carlow,52.8408,-6.9261,69.98,45,68,17.49,broken clouds
173,Hofn,64.2539,-15.2082,50.58,83,62,2.55,broken clouds
174,Miyang,24.4042,103.4428,67.15,94,2,3.8,clear sky
175,Smoky Lake,54.1169,-112.4686,61.38,82,100,5.75,overcast clouds
176,Lebu,-37.6167,-73.65,51.89,87,14,17.6,few clouds
177,Ardakan,32.31,54.0175,93.49,6,0,20.13,clear sky
178,Ous,60.9058,61.5186,68.67,70,100,5.01,overcast clouds
179,Sur,22.5667,59.5289,90.81,59,100,2.46,overcast clouds
180,Codrington,-38.2667,141.9667,40.39,74,99,5.66,overcast clouds
181,San Rafael,-34.6177,-68.3301,60.64,19,2,5.03,clear sky
182,Flinders,-34.5833,150.8552,54.18,76,100,7.0,overcast clouds
183,Pevek,69.7008,170.3133,46.02,58,9,10.92,clear sky
184,Kieta,-6.2167,155.6333,78.35,84,99,5.21,overcast clouds
185,Port Hardy,50.6996,-127.4199,53.78,100,100,4.61,mist
186,Saint-Augustin,51.226,-58.6502,60.55,86,100,12.91,overcast clouds
187,Taltal,-25.4,-70.4833,61.14,67,8,4.36,clear sky
188,Airai,-8.9266,125.4092,54.19,86,13,4.94,few clouds
189,Soignies,50.579,4.0713,78.57,45,40,12.66,scattered clouds
190,Malindi,-3.2175,40.1191,78.96,69,20,18.41,few clouds
191,Kysyl-Syr,63.8986,122.7617,44.78,97,100,5.86,light rain
192,Karratha,-20.7377,116.8463,71.87,49,0,6.15,clear sky
193,Kalabo,-14.97,22.6814,83.82,9,0,8.25,clear sky
194,Bethel,41.3712,-73.414,86.14,64,0,1.01,clear sky
195,Selfoss,63.9331,-20.9971,49.05,79,60,13.82,broken clouds
196,Neiafu,-18.65,-173.9833,73.38,71,3,9.37,light rain
197,Fairbanks,64.8378,-147.7164,49.96,81,100,9.22,haze
198,Barcelona,41.3888,2.159,92.8,59,20,19.57,few clouds
199,Lebanon,36.2081,-86.2911,78.19,85,100,9.22,overcast clouds
200,Salinopolis,-0.6136,-47.3561,85.75,63,43,7.31,scattered clouds
201,Mayumba,-3.432,10.6554,75.24,76,73,8.61,broken clouds
202,Mongoumba,3.6415,18.5936,86.43,58,90,3.02,overcast clouds
203,Teahupoo,-17.8333,-149.2667,64.36,81,79,14.41,light rain
204,Bar Harbor,44.3876,-68.2039,81.34,62,0,5.75,clear sky
205,Honiara,-9.4333,159.95,77.49,84,100,6.26,overcast clouds
206,Charters Towers,-20.1,146.2667,58.42,80,0,7.63,clear sky
207,Ailigandi,9.2333,-78.0167,82.29,79,99,3.29,overcast clouds
208,Staryy Nadym,65.6118,72.6842,51.42,58,27,12.68,scattered clouds
209,Lazaro Cardenas,17.9583,-102.2,78.76,83,61,5.64,broken clouds
210,San Quintin,30.4833,-115.95,67.69,86,17,3.83,few clouds
211,Chapais,49.7834,-74.8492,69.58,74,64,8.1,broken clouds
212,Laguna,38.421,-121.4238,72.97,76,0,4.61,clear sky
213,Kjollefjord,70.9457,27.3465,66.25,72,85,2.3,overcast clouds
214,Beloha,-25.1667,45.05,81.03,37,5,16.98,clear sky
215,Kishtwar,33.3167,75.7667,68.09,93,24,2.8,few clouds
216,Souillac,-20.5167,57.5167,73.78,73,75,12.66,broken clouds
217,Kahului,20.8947,-156.47,78.84,75,0,13.8,clear sky
218,Imeni Poliny Osipenko,52.4201,136.4853,52.0,92,100,14.65,light rain
219,Soe,-9.8607,124.284,63.18,81,35,7.78,scattered clouds
220,Vincennes,48.85,2.4333,79.56,45,0,8.05,clear sky
221,Hukuntsi,-24.0,21.75,68.72,14,84,13.65,broken clouds
222,Albert Town,18.2943,-77.5424,81.1,72,8,5.59,clear sky
223,Tiksi,71.6872,128.8694,40.73,93,100,14.99,overcast clouds
224,Verkhnevilyuysk,63.4453,120.3167,45.52,95,100,3.69,overcast clouds
225,Camacha,33.0833,-16.3333,74.62,65,20,14.97,few clouds
226,Mar Del Plata,-38.0023,-57.5575,56.95,45,0,20.71,clear sky
227,Lata,40.1629,-8.3327,70.81,18,0,12.68,clear sky
228,Yavaros,26.7,-109.5167,83.44,80,100,15.21,overcast clouds
229,San Isidro,-12.1167,-77.05,63.01,85,100,5.75,overcast clouds
230,Batemans Bay,-35.7167,150.1833,45.39,80,10,7.54,clear sky
231,Gat,31.61,34.7642,90.39,17,0,11.1,clear sky
232,Kaitangata,-46.2817,169.8464,47.55,97,100,3.06,moderate rain
233,Beringovskiy,63.05,179.3167,43.74,68,0,4.09,clear sky
234,Mount Gambier,-37.8333,140.7667,39.25,82,79,2.98,broken clouds
235,Marrakesh,31.6315,-8.0083,107.67,12,75,10.36,broken clouds
236,Iqaluit,63.7506,-68.5145,44.33,87,75,8.05,broken clouds
237,Dotnuva,55.35,23.9,76.89,73,100,11.41,overcast clouds
238,Shima,24.4478,117.8111,84.22,84,97,2.95,overcast clouds
239,Mecca,21.4267,39.8261,101.01,24,4,16.8,clear sky
240,Lahaina,20.8783,-156.6825,78.8,83,2,8.16,clear sky
241,Marzuq,14.4,46.4667,89.53,39,78,14.43,broken clouds
242,Nikel,69.4128,30.222,71.78,64,100,14.52,overcast clouds
243,Kabare,-2.4683,28.8242,70.12,62,100,3.51,light rain
244,Athens,37.9795,23.7162,99.37,34,0,13.8,clear sky
245,Yeppoon,-23.1333,150.7333,55.18,80,0,2.62,clear sky
246,Fez,34.0372,-4.9998,100.65,15,75,4.61,broken clouds
247,Ostrovnoy,68.0531,39.5131,74.59,63,82,18.14,broken clouds
248,Glace Bay,46.1969,-59.957,78.33,72,20,12.66,few clouds
249,Darhan,49.4867,105.9228,51.22,89,100,6.4,overcast clouds
250,Clyde River,70.4692,-68.5914,50.23,62,75,16.11,broken clouds
251,Grindavik,63.8424,-22.4338,52.27,66,20,31.07,few clouds
252,Buritizeiro,-17.3511,-44.9622,81.91,32,5,13.22,clear sky
253,Ulaanbaatar,47.9077,106.8832,51.93,87,40,2.24,scattered clouds
254,Bonavista,48.6499,-53.1147,65.48,84,99,11.77,overcast clouds
255,Basco,20.4487,121.9702,84.83,70,16,5.99,few clouds
256,Barra Patuca,15.8,-84.2833,81.43,82,100,5.61,overcast clouds
257,Lompoc,34.6391,-120.4579,56.52,97,100,1.01,fog
258,Lyskovo,56.0328,45.0422,73.72,38,8,8.77,clear sky
259,Egvekinot,66.3167,-179.1667,41.16,74,99,1.19,overcast clouds
260,Mokhsogollokh,61.4681,128.9203,49.42,97,100,4.88,light rain
261,Nishihara,26.1842,127.7558,84.25,84,40,9.22,scattered clouds
262,Hurghada,27.2574,33.8129,98.64,20,0,20.71,clear sky
263,Nouakchott,18.0858,-15.9785,89.53,77,28,13.49,scattered clouds
264,Bara,10.3744,10.7288,83.98,67,94,10.54,overcast clouds
265,Wahiawa,21.5028,-158.0236,75.52,78,63,7.83,broken clouds
266,Constitucion,-35.3333,-72.4167,56.14,67,6,7.67,clear sky
267,Bataipora,-22.2953,-53.2711,58.01,61,34,11.41,scattered clouds
268,Denpasar,-8.65,115.2167,78.46,78,40,16.11,scattered clouds
269,Hutchinson,38.0608,-97.9298,74.59,82,0,1.01,clear sky
270,Polson,47.6936,-114.1632,68.77,66,85,1.54,overcast clouds
271,Boende,-0.2167,20.8667,84.2,56,97,0.47,overcast clouds
272,Lodja,-3.4833,23.4333,90.32,40,76,4.21,broken clouds
273,Olafsvik,64.8945,-23.7142,46.76,74,78,13.78,broken clouds
274,San-Pedro,4.7485,-6.6363,78.8,72,100,9.86,overcast clouds
275,Maturin,9.75,-63.1767,77.83,89,100,4.32,overcast clouds
276,Salalah,17.0151,54.0924,77.09,94,100,6.91,overcast clouds
277,Pokhara,28.2333,83.9833,73.9,95,100,1.01,overcast clouds
278,Margate,51.3813,1.3862,73.87,57,47,11.25,scattered clouds
279,Bantou,26.2151,117.4893,82.45,72,100,2.42,overcast clouds
280,Ocos,14.5094,-92.1933,78.98,74,98,2.24,overcast clouds
281,Pangnirtung,66.1451,-65.7125,48.2,87,100,6.91,overcast clouds
282,Guanica,17.9716,-66.908,88.12,72,2,13.11,clear sky
283,Katherine,-14.4667,132.2667,66.52,34,0,8.05,clear sky
284,Quebo,11.3333,-14.9333,74.37,95,100,8.3,light rain
285,Bandarbeyla,9.4942,50.8122,79.41,77,54,30.65,broken clouds
286,Vanimo,-2.6741,141.3028,77.09,88,95,3.74,overcast clouds
287,Guilin,25.2819,110.2864,84.31,84,77,1.61,broken clouds
288,Manzil Salim,35.8567,8.4765,90.3,16,0,11.9,clear sky
289,Ko Samui,9.5357,99.9357,85.91,74,20,2.3,few clouds
290,Mozarlandia,-14.7447,-50.5706,91.06,21,0,13.27,clear sky
291,Asuncion Mita,14.3308,-89.7108,78.85,89,100,4.05,overcast clouds
292,Bayji,34.9311,43.487,110.53,10,93,7.54,overcast clouds
293,Sri Aman,1.2376,111.4621,75.25,94,100,0.0,light rain
294,Novy Malin,49.9426,17.0319,77.41,74,100,3.89,overcast clouds
295,Avera,33.194,-82.5271,79.56,76,2,3.27,clear sky
296,Lasa,46.6166,10.7002,72.01,59,84,4.18,broken clouds
297,Ponta Do Sol,32.6667,-17.1,84.0,64,0,1.01,clear sky
298,Ramanagaram,12.7167,77.3,79.41,80,100,9.04,overcast clouds
299,Port Blair,11.6667,92.75,80.64,89,40,5.75,drizzle
300,Esperance,-33.8667,121.9,53.87,86,21,7.9,few clouds
301,Stornoway,58.2093,-6.3865,57.16,75,40,19.57,scattered clouds
302,Kaputa,-8.4689,29.6619,86.43,25,11,2.68,few clouds
303,Mana,5.6592,-53.7767,85.96,66,97,8.61,overcast clouds
304,Torbay,47.6666,-52.7314,72.37,73,75,17.27,broken clouds
305,Cabra,37.4725,-4.4421,97.2,13,0,11.39,clear sky
306,Tilichiki,60.4667,166.1,49.64,93,100,4.21,overcast clouds
307,Sharjah,25.3573,55.4033,100.69,37,0,12.66,clear sky
308,Brattvag,62.6002,6.4434,64.6,72,20,11.5,few clouds
309,Vitim,59.4511,112.5578,49.62,97,100,5.21,overcast clouds
310,Davila,18.4726,120.5763,81.81,80,90,5.19,overcast clouds
311,Imbituba,-28.24,-48.6703,60.1,65,72,7.0,broken clouds
312,Dumas,35.8656,-101.9732,72.61,53,0,0.0,clear sky
313,Alta Gracia,-31.6529,-64.4283,63.37,19,5,9.1,clear sky
314,Sao Filipe,14.8961,-24.4956,78.17,79,100,9.31,overcast clouds
315,Dalbandin,28.8947,64.4101,90.82,20,99,10.87,overcast clouds
316,Qurayyat,31.3318,37.3428,95.18,13,0,11.5,clear sky
317,Mulchen,-37.7167,-72.2333,49.86,78,37,7.65,scattered clouds
318,Narsaq,60.9167,-46.05,43.02,94,100,2.28,light rain
319,Cayenne,4.9333,-52.3333,87.84,66,75,8.05,broken clouds
320,San Jose,37.3394,-121.895,61.86,86,0,4.61,clear sky
321,Norman Wells,65.282,-126.8329,51.84,87,75,5.75,broken clouds
322,Coahuayana,18.7333,-103.6833,77.29,89,89,3.62,overcast clouds
323,Ville-Marie,47.3335,-79.433,70.7,73,91,6.73,overcast clouds
324,San Patricio,28.017,-97.5169,89.46,71,59,9.82,broken clouds
325,Tabas,33.5959,56.9244,94.98,7,0,19.26,clear sky
326,Nagua,19.3832,-69.8474,84.25,79,75,5.75,broken clouds
327,Dingle,10.9995,122.6711,77.47,90,100,1.9,overcast clouds
328,Yar-Sale,66.8333,70.8333,54.86,52,0,12.15,clear sky
329,Santa Isabel Do Rio Negro,-0.4139,-65.0192,79.2,80,100,3.83,overcast clouds
330,Lagoa,39.05,-27.9833,73.9,72,18,2.35,few clouds
331,Veraval,20.9,70.3667,80.85,85,79,13.8,broken clouds
332,Fort Walton Beach,30.4058,-86.6188,87.82,82,20,6.91,few clouds
333,Bayangol,50.6977,103.4656,42.58,93,100,3.36,overcast clouds
334,Urubicha,-15.3833,-62.95,63.43,23,0,6.38,clear sky
335,Trinidad,-14.8333,-64.9,64.38,34,0,19.57,clear sky
336,Kiruna,67.8557,20.2251,61.72,94,75,8.05,light rain
337,Asau,46.4333,26.4,83.32,43,34,4.9,scattered clouds
338,Luderitz,-26.6481,15.1594,71.42,34,0,29.21,clear sky
339,Dawson Creek,55.7666,-120.2362,62.24,67,0,11.5,clear sky
340,Ostrov,57.3439,28.3537,80.33,50,23,9.13,few clouds
341,Pozo Colorado,-23.4923,-58.7972,59.65,39,0,5.19,clear sky
342,Inhambane,-23.865,35.3833,76.98,41,0,2.01,clear sky
343,Guiyang,26.5833,106.7167,82.89,61,20,8.95,few clouds
344,Sokolovo,52.5318,84.7896,56.8,61,100,2.3,overcast clouds
345,San Cristobal,7.7669,-72.225,77.18,78,100,6.2,overcast clouds
346,Riviere-Au-Renard,48.9957,-64.3971,80.89,64,51,15.01,broken clouds
347,Tiarei,-17.5333,-149.3333,69.82,80,92,15.61,overcast clouds
348,Chudniv,50.052,28.1175,74.14,54,74,12.55,broken clouds
349,Praia,14.9215,-23.5087,77.54,88,75,14.97,light intensity drizzle
350,Hokitika,-42.7167,170.9667,50.86,85,100,5.3,overcast clouds
351,Kautokeino,69.0125,23.0412,62.22,91,100,13.0,overcast clouds
352,Formosa Do Rio Preto,-11.0483,-45.1931,83.97,29,27,11.12,scattered clouds
353,Guerrero Negro,27.9769,-114.0611,70.59,83,24,4.25,few clouds
354,Itarema,-2.9248,-39.9167,88.5,46,50,12.93,scattered clouds
355,Bocas Del Toro,9.3333,-82.25,80.4,76,1,6.53,clear sky
356,Kabo,7.6994,18.629,82.24,78,98,3.87,light rain
357,Nemuro,43.3236,145.575,67.12,97,100,19.77,overcast clouds
358,Waingapu,-9.6567,120.2641,73.08,72,3,9.4,clear sky
359,Wanning,18.8003,110.3967,78.35,89,100,9.44,overcast clouds
360,Katsuura,35.1333,140.3,80.62,93,100,4.94,overcast clouds
361,Liverpool,53.4106,-2.9779,75.15,51,40,25.32,scattered clouds
362,Hualmay,-11.0964,-77.6139,63.16,76,48,7.11,scattered clouds
363,Gigmoto,13.7796,124.39,79.95,83,100,1.99,light rain
364,Saint-Francois,46.4154,3.9054,74.68,60,0,8.05,clear sky
365,Tonstad,58.6626,6.7169,67.21,53,6,12.95,clear sky
366,Issoudun,47.0,1.8333,77.65,50,75,9.22,broken clouds
367,Severo-Yeniseyskiy,60.3725,93.0408,52.3,69,100,6.91,overcast clouds
368,Provideniya,64.3833,-173.3,44.8,78,70,7.0,broken clouds
369,Masuguru,-11.3667,38.4167,93.22,27,3,2.39,clear sky
370,Lujan,-34.5703,-59.105,56.01,45,2,12.75,clear sky
371,Boke,10.9409,-14.2967,74.93,91,100,7.65,light rain
372,Janauba,-15.8025,-43.3089,72.37,55,92,19.98,overcast clouds
373,Paamiut,61.994,-49.6678,40.69,94,100,19.91,overcast clouds
374,Mulege,26.8833,-111.9833,81.37,57,100,6.49,overcast clouds
375,Tezu,27.9167,96.1667,79.11,95,49,3.11,scattered clouds
376,Sabha,27.0377,14.4283,103.57,11,0,12.24,clear sky
377,Druzhba,52.0428,33.9453,67.06,52,100,12.1,overcast clouds
378,Mogadishu,2.0371,45.3438,76.87,73,75,16.11,broken clouds
379,Biak,-0.9131,122.8766,74.91,81,68,6.33,broken clouds
380,Maseru,-29.3167,27.4833,50.76,28,0,22.97,clear sky
381,Kasane,-17.8167,25.15,80.69,6,0,10.36,clear sky
382,Wellington,-41.2866,174.7756,56.86,93,20,20.71,light rain
383,Casablanca,33.5928,-7.6192,102.42,38,0,6.91,clear sky
384,Santa Maria,-29.6842,-53.8069,51.1,62,0,8.05,clear sky
385,Hervey Bay,-25.2986,152.8535,59.4,82,5,7.67,clear sky
386,Omsukchan,62.5333,155.8,45.59,98,99,6.31,overcast clouds
387,Troitsko-Pechorsk,62.7084,56.1964,77.23,51,2,3.29,clear sky
388,Lorengau,-2.0226,147.2712,79.5,80,8,4.41,light rain
389,Gunjur,13.2019,-16.7339,78.58,87,100,19.08,light rain
390,Pudozh,61.8099,36.5345,78.48,31,30,6.69,scattered clouds
391,Tornio,65.8481,24.1466,78.82,74,100,11.23,overcast clouds
392,Hammerfest,70.6634,23.6821,73.85,60,40,5.75,scattered clouds
393,Rocha,-34.4833,-54.3333,54.75,47,2,8.61,clear sky
394,Parati,-23.2178,-44.7131,60.17,91,100,0.74,overcast clouds
395,Ulladulla,-35.35,150.4667,47.77,68,61,12.5,broken clouds
396,Niono,14.2526,-5.993,88.45,48,79,12.06,broken clouds
397,Kargil,34.5667,76.1,67.53,33,36,10.47,scattered clouds
398,Chesterville,44.5512,-70.0862,82.18,63,0,1.99,clear sky
399,Port Hawkesbury,45.6169,-61.3485,76.17,82,75,14.97,broken clouds
400,Porto Novo,6.4965,2.6036,82.22,66,100,12.44,overcast clouds
401,Cabo San Lucas,22.8909,-109.9124,83.52,74,98,5.99,overcast clouds
402,Osoyoos,49.0331,-119.4524,66.61,82,100,2.3,overcast clouds
403,Petropavl,54.8753,69.1628,57.0,87,100,5.53,overcast clouds
404,Brae,60.3964,-1.353,56.41,75,28,20.54,scattered clouds
405,Barra Do Garcas,-15.89,-52.2567,79.38,41,0,6.91,clear sky
406,Batagay-Alyta,67.8006,130.4114,45.66,94,100,4.52,light rain
407,Benguela,-12.5763,13.4055,74.46,69,3,9.55,clear sky
408,Alice Springs,-23.7,133.8833,44.15,57,0,0.0,clear sky
409,Soyo,-6.1349,12.3689,74.93,68,5,10.83,clear sky
410,Ondjiva,-17.0667,15.7333,81.37,7,1,10.16,clear sky
411,Smolenka,52.1352,113.4974,48.27,76,97,4.47,overcast clouds
412,Ambon,-3.6954,128.1814,77.14,88,75,8.05,broken clouds
413,Maldonado,-34.6667,-54.9167,58.39,46,1,9.93,clear sky
414,Saint-Pierre,-21.3393,55.4781,73.08,60,0,5.75,clear sky
415,Shingu,33.7333,135.9833,79.86,89,100,2.95,overcast clouds
416,Taoudenni,22.6783,-3.9836,114.21,10,7,10.45,clear sky
417,Saurimo,-9.6608,20.3916,92.68,10,6,5.32,clear sky
418,Saint Anthony,45.0205,-93.218,67.66,92,100,10.36,overcast clouds
419,Mayo,38.8876,-76.5119,84.36,70,0,4.61,clear sky
420,Zhangjiakou,40.81,114.8794,69.19,68,69,4.94,broken clouds
421,Maceio,-9.6658,-35.7353,76.44,88,75,4.61,broken clouds
422,Kencong,-8.2833,113.3667,73.74,82,100,4.47,overcast clouds
423,El Cobre,20.0489,-75.9469,87.24,62,40,3.44,scattered clouds
424,Potam,27.6,-110.3833,79.41,84,57,12.12,broken clouds
425,Helong,42.5397,128.9972,55.74,95,0,5.01,clear sky
426,Mercedes,-34.6515,-59.4307,57.94,33,0,13.02,clear sky
427,Beberibe,-4.1797,-38.1306,85.46,42,48,12.33,scattered clouds
428,Slantsy,59.1182,28.0914,81.63,38,2,10.47,clear sky
429,Adrar,20.5022,-10.0711,99.5,27,9,5.03,clear sky
430,Brownfield,33.1812,-102.2744,75.94,72,100,9.64,overcast clouds
431,Kargopol,61.5071,38.9456,75.49,37,4,5.66,clear sky
432,Belaya Gora,68.5333,146.4167,58.71,73,91,5.26,overcast clouds
433,Yima,34.7381,111.8839,79.21,62,94,16.96,overcast clouds
434,Les Cayes,18.2,-73.75,86.0,64,10,3.69,clear sky
435,Nyurba,63.2842,118.3319,45.77,81,100,3.27,overcast clouds
436,Nacala,-14.5428,40.6728,79.92,74,40,14.97,scattered clouds
437,San Vicente,-26.6167,-54.1333,60.76,35,0,1.77,clear sky
438,Sfantu Gheorghe,45.8667,25.7833,87.85,46,17,7.25,few clouds
439,Port Moresby,-9.4431,147.1797,71.02,83,40,3.44,scattered clouds
440,Pochutla,15.7432,-96.4661,79.83,57,45,1.48,scattered clouds
441,Tigil,57.8,158.6667,53.82,96,100,5.19,overcast clouds
442,Uddevalla,58.3478,11.9424,69.33,68,83,10.0,broken clouds
443,Ponta Delgada,37.7333,-25.6667,74.12,68,75,10.36,broken clouds
444,Sakakah,29.9697,40.2064,103.57,12,0,14.54,clear sky
445,Non Thai,15.1981,102.0358,79.38,94,100,6.04,overcast clouds
446,Kitimat,54.0524,-128.6534,57.58,86,1,0.6,clear sky
447,Naze,28.3667,129.4833,81.52,86,100,14.03,overcast clouds
448,Chicama,-7.8447,-79.1469,57.74,67,61,5.99,broken clouds
449,Homer,59.6425,-151.5483,57.79,79,100,8.99,overcast clouds
450,Kuznechnoye,61.12,29.8686,75.99,52,100,10.85,overcast clouds
451,Sitio Novo Do Tocantins,-5.5183,-47.4611,89.53,51,20,8.05,few clouds
452,Severo-Kurilsk,50.6789,156.125,53.35,98,100,15.32,overcast clouds
453,Chifeng,42.2683,118.9636,69.85,60,73,8.7,broken clouds
454,Wangaratta,-36.3667,146.3333,37.31,93,4,2.93,clear sky
455,Trincomalee,8.5711,81.2335,83.25,71,88,13.78,overcast clouds
456,Fallon,39.4735,-118.7774,73.92,42,0,4.61,clear sky
457,Khandyga,62.6667,135.6,48.45,94,41,2.89,scattered clouds
458,Maniitsoq,65.4167,-52.9,41.07,87,42,12.01,scattered clouds
459,Turan,16.0678,108.2208,78.78,89,40,1.14,scattered clouds
460,Kosh,40.3,44.1558,92.39,19,98,17.6,overcast clouds
461,Vanino,49.0869,140.2543,55.65,83,81,3.69,broken clouds
462,Custodia,-8.0875,-37.6431,83.57,32,6,16.73,clear sky
463,Sao Paulo De Olivenca,-3.3783,-68.8725,76.57,64,100,5.19,overcast clouds
464,Merauke,-8.4667,140.3333,75.13,79,91,13.44,overcast clouds
465,Digha,21.6833,87.55,82.33,83,100,13.27,overcast clouds
466,Susangerd,31.5608,48.1831,115.02,8,1,11.86,clear sky
467,Portland,45.5234,-122.6762,66.15,85,100,4.61,overcast clouds
468,Treinta Y Tres,-33.2333,-54.3833,55.36,51,3,5.95,clear sky
469,Petukhovo,55.0692,67.9019,56.46,96,100,6.35,light rain
470,Huangchuan,32.1272,115.0394,83.28,80,100,9.1,overcast clouds
471,Tra Vinh,9.9347,106.3453,78.08,85,100,5.14,overcast clouds
472,Pasighat,28.0667,95.3333,80.2,88,43,2.51,scattered clouds
473,Road Town,18.4167,-64.6167,87.89,74,40,12.66,scattered clouds
474,Kaohsiung,22.6163,120.3133,85.03,82,75,5.75,broken clouds
475,Marratxi,39.6421,2.7539,91.22,50,20,13.8,few clouds
476,Tecozautla,20.5333,-99.6333,65.5,68,91,0.92,overcast clouds
477,Tire,38.0888,27.7351,93.94,17,0,11.88,clear sky
478,Bathsheba,13.2167,-59.5167,88.41,70,75,12.66,broken clouds
479,Sechura,-5.5569,-80.8222,68.52,67,92,7.56,overcast clouds
480,Takoradi,4.8845,-1.7554,79.3,69,100,10.87,overcast clouds
481,Armizonskoye,55.9461,67.6736,59.5,96,100,6.49,light rain
482,Pingyin,36.2831,116.4453,72.25,71,36,5.23,scattered clouds
483,Henties Bay,-22.116,14.2845,62.29,58,76,17.54,broken clouds
484,Kek,48.1167,21.8833,96.03,24,60,4.92,heavy intensity rain
485,Lokosovo,61.1333,74.8167,47.77,82,42,4.0,scattered clouds
486,Lano,10.1725,11.4715,83.86,62,93,11.54,overcast clouds
487,Whittlesea,-32.1759,26.8244,41.43,81,92,18.1,overcast clouds
488,Huarmey,-10.0681,-78.1522,65.93,73,62,6.82,broken clouds
489,Stephenville,32.2207,-98.2023,80.17,82,100,8.05,overcast clouds
490,Goiatuba,-18.0125,-49.3547,81.84,30,0,17.05,clear sky
491,Tapah,4.2004,101.2598,76.95,96,100,3.31,moderate rain
492,Manteca,37.7974,-121.216,68.02,77,0,3.44,clear sky
493,Gamba,-2.65,10.0,75.72,72,58,7.38,broken clouds
494,Srednekolymsk,67.45,153.6833,56.8,73,24,9.26,few clouds
495,Thinadhoo,0.5333,72.9333,81.73,75,100,5.59,overcast clouds
496,Rabo De Peixe,37.8,-25.5833,72.91,68,75,10.36,broken clouds
497,Parkes,-33.1333,148.1833,46.35,88,96,1.43,overcast clouds
498,Akdepe,42.0551,59.3788,82.49,12,0,17.58,clear sky
499,Seoul,37.5683,126.9778,79.99,92,0,2.3,clear sky
500,Chinchani,19.8667,72.7,81.21,81,100,13.35,overcast clouds
501,Chilca,-12.5211,-76.7372,61.23,81,95,6.04,overcast clouds
502,Staroaleyskoye,51.0061,82.0,50.45,80,79,6.62,broken clouds
503,Namibe,-15.1961,12.1522,67.8,70,3,12.91,clear sky
504,Lakes Entrance,-37.8811,147.981,41.16,71,97,4.61,overcast clouds
505,Fairview,40.8126,-73.999,86.25,58,0,3.44,clear sky
506,Elat,29.5581,34.9482,100.26,15,0,13.98,clear sky
507,Roebourne,-20.7833,117.1333,71.69,45,0,8.93,clear sky
508,Labuan,5.2767,115.2417,82.76,88,20,5.99,few clouds
509,Odweyne,9.4092,45.064,87.67,29,99,18.5,overcast clouds
510,Comodoro Rivadavia,-45.8667,-67.5,46.26,76,100,5.75,overcast clouds
511,Hohhot,40.8106,111.6522,71.89,68,0,4.47,clear sky
512,Alta Floresta,-9.8756,-56.0861,76.82,38,0,9.22,clear sky
513,Hanmer Springs,-42.5167,172.8167,47.21,89,81,5.44,light rain
514,Pemberton,50.3164,-122.8027,58.69,81,3,1.57,clear sky
515,Yulara,-25.2406,130.9889,52.02,42,9,9.1,clear sky
516,Bacolod,10.6667,122.95,78.62,85,97,5.46,overcast clouds
517,Monrovia,6.3005,-10.7969,76.77,84,100,10.2,light rain
518,Zlatoust,55.1711,59.6508,63.03,79,87,4.47,overcast clouds
519,Manaure,11.7751,-72.4445,89.01,58,13,12.68,few clouds
520,Swabi,34.1199,72.4699,82.65,77,90,1.92,overcast clouds
521,Puerto Baquerizo Moreno,-0.9,-89.6,67.19,94,75,9.22,broken clouds
522,Bad Doberan,54.1071,11.9005,76.05,68,100,1.01,overcast clouds
523,Barkot,30.8167,78.2,70.32,87,100,2.62,overcast clouds
524,Idaho Falls,43.4666,-112.0341,63.0,79,0,4.61,clear sky
525,Mendi,-6.1761,143.6513,55.17,100,97,1.36,overcast clouds
526,Batsfjord,70.6345,29.7185,71.53,73,20,13.8,few clouds
527,Zhangye,38.9342,100.4517,81.14,32,84,4.52,broken clouds
528,Cerrito,6.8432,-72.694,63.03,62,100,1.3,overcast clouds
529,Opuwo,-18.0607,13.84,77.58,7,2,18.5,clear sky
530,Goderich,43.7501,-81.7165,79.12,57,98,5.75,overcast clouds
531,Ambanja,-13.6833,48.45,80.53,73,14,3.65,few clouds
532,Garden City,42.3256,-83.331,79.99,67,75,8.05,broken clouds
533,Owando,-0.4819,15.8999,82.98,57,96,4.16,light rain
534,High Level,58.5169,-117.136,66.31,52,40,11.5,smoke
535,Pipri,19.8,75.5333,77.58,88,40,5.75,haze
536,Port-Gentil,-0.7193,8.7815,82.36,65,75,16.11,broken clouds
537,Passos,-20.7189,-46.6097,67.35,53,92,12.86,overcast clouds
538,Puerto Escondido,15.85,-97.0667,76.03,78,40,9.22,scattered clouds
539,Kansanshi,-12.0951,26.4273,82.67,14,1,6.31,clear sky
540,Qaqortoq,60.7167,-46.0333,41.67,94,100,11.12,light rain
541,Labuhan,-6.8844,112.2051,78.69,74,100,9.73,overcast clouds
542,Itoman,26.1247,127.6694,84.97,84,40,9.22,scattered clouds
543,Marsh Harbour,26.5412,-77.0636,84.99,73,6,12.26,clear sky
544,Luanda,-8.8368,13.2343,70.9,76,5,13.09,clear sky
545,Inverell,-29.7833,151.1167,45.16,76,1,1.99,clear sky
546,Seymchan,62.8833,152.4333,51.3,84,100,6.71,overcast clouds
547,Phuket,8.0,98.25,86.09,78,20,10.36,light rain
548,Antalaha,-14.9003,50.2788,70.18,83,15,5.66,few clouds
549,Kilrush,52.6397,-9.4833,65.95,74,16,21.21,few clouds
550,Rapid City,44.0805,-103.231,71.85,64,0,5.75,clear sky
551,Milkovo,54.7167,158.6167,53.26,96,100,3.31,light rain
552,Sovetskaya Gavan,48.9723,140.2878,56.98,81,75,5.61,broken clouds
553,Mizan Teferi,6.9833,35.5833,64.85,97,89,1.16,light rain
554,Adolfo Lopez Mateos,28.4667,-107.3,58.93,73,99,2.86,overcast clouds
555,Viedma,-40.8135,-62.9967,61.72,48,100,10.6,overcast clouds
556,Nanortalik,60.1432,-45.2371,42.58,88,100,14.12,light rain
557,Khani,41.9563,42.9566,74.77,55,95,6.06,overcast clouds
558,Hobyo,5.3505,48.5268,78.15,81,85,23.22,overcast clouds
559,Sompeta,18.9333,84.6,82.18,80,100,6.69,overcast clouds
560,Novo Aripuana,-5.1206,-60.3797,89.62,37,62,4.99,broken clouds
561,Faribault,44.295,-93.2688,66.06,83,75,8.05,mist
562,Brownwood,31.7093,-98.9912,79.97,75,100,11.21,overcast clouds
563,Altay,47.8667,88.1167,50.52,37,56,6.4,broken clouds
564,Pundaguitan,6.3711,126.1689,83.93,70,23,12.86,few clouds
565,Khilok,51.3674,110.4676,45.1,69,100,2.82,overcast clouds
566,Mankono,8.0586,-6.1897,77.22,82,95,4.21,moderate rain
567,Amuntai,-2.4177,115.2494,74.53,93,81,1.1,broken clouds
568,Bam,29.106,58.357,90.91,8,1,14.5,clear sky
569,Longyearbyen,78.2186,15.6401,40.84,75,20,12.66,few clouds
570,Aripuana,-9.1667,-60.6333,81.77,31,51,5.35,broken clouds
571,Koslan,63.4564,48.8989,73.13,43,27,4.29,scattered clouds
572,Kamenka,51.3223,42.7678,77.27,25,99,14.88,overcast clouds
573,Banos,-1.4,-78.4167,55.11,97,100,4.16,moderate rain
574,Ubinskoye,55.3068,79.6802,58.08,58,100,5.37,overcast clouds
575,Gorontalo,0.5412,123.0595,73.65,88,76,5.61,broken clouds
576,Vardo,70.3705,31.1107,61.88,82,67,10.2,broken clouds
577,Haines Junction,60.7522,-137.5108,40.95,87,73,0.0,broken clouds
578,Xinqing,48.2333,129.5,50.27,94,4,5.61,clear sky
579,Timra,62.487,17.3257,64.67,94,100,16.11,overcast clouds
580,Port Macquarie,-31.4333,152.9167,43.9,72,46,10.25,scattered clouds
581,Awbari,26.5921,12.7805,103.75,9,0,13.0,clear sky
582,Tutin,42.9903,20.3314,63.75,93,100,6.04,overcast clouds
583,Bridlington,54.0831,-0.1919,76.89,49,89,14.92,overcast clouds
584,Digby,44.6169,-65.7655,77.95,68,71,9.01,broken clouds
585,Rehoboth,-23.3167,17.0833,70.09,9,60,19.48,broken clouds
586,Karatau,43.1667,70.4667,66.18,23,0,14.61,clear sky
587,Bauchi,10.5,10.0,82.67,60,99,2.93,light rain
588,Madhupur,24.25,86.65,78.33,90,97,12.28,overcast clouds
589,Carutapera,-1.195,-46.02,87.71,60,26,9.37,scattered clouds
590,Oudtshoorn,-33.5907,22.2014,52.16,62,95,9.08,overcast clouds
591,Uray,60.1247,64.7758,61.74,47,78,7.47,broken clouds
592,Barreirinhas,-2.7469,-42.8264,94.19,33,20,6.35,few clouds
593,Antofagasta,-23.65,-70.4,56.48,64,42,5.99,scattered clouds
594,Kaduqli,11.0167,29.7167,76.6,79,100,5.59,moderate rain
595,Vilyuysk,63.7553,121.6247,44.24,96,100,4.99,overcast clouds
596,Digoin,46.4812,3.9795,82.13,58,0,8.05,clear sky
597,Kirakira,-10.4544,161.9205,78.3,86,100,9.6,overcast clouds
598,Fare,-16.7,-151.0167,77.47,74,64,15.28,broken clouds
599,Kathmandu,27.7167,85.3167,73.62,83,75,6.91,broken clouds
600,Khasan,42.4308,130.6434,65.14,68,0,8.25,clear sky
601,Afantou,36.2935,28.1623,91.11,43,0,12.66,clear sky
602,Palmares Do Sul,-30.2578,-50.5097,58.05,54,0,12.75,clear sky
603,Kartaly,53.0522,60.6467,68.63,58,100,8.37,overcast clouds
604,San Policarpo,12.1791,125.5072,78.48,86,98,4.72,overcast clouds
605,Tura,25.5198,90.2201,76.91,88,32,3.76,scattered clouds
606,Verkhoyansk,67.5447,133.385,52.25,91,100,3.06,overcast clouds
607,Cabedelo,-6.9811,-34.8339,83.07,65,22,18.77,few clouds
608,Baft,29.234,56.6057,75.07,9,0,17.54,clear sky
609,Belmonte,-15.8631,-38.8828,78.39,56,9,13.58,clear sky
610,Madras,13.0878,80.2785,87.78,79,75,11.5,light intensity drizzle
611,Joigny,47.9829,3.401,78.82,26,0,7.18,clear sky
612,Rio Grande,-32.035,-52.0986,59.11,65,0,9.93,clear sky
613,Sovetskiy,61.3614,63.5842,61.21,45,100,4.29,overcast clouds
614,Shache,38.4167,77.2406,87.64,17,74,7.05,broken clouds
615,Lamu,-2.2717,40.902,80.82,77,9,10.45,clear sky
616,Hot Springs,34.5037,-93.0552,79.56,82,0,1.99,clear sky
617,Derazhnya,49.2692,27.4338,79.72,41,52,5.28,broken clouds
618,Martinho Campos,-19.3317,-45.2369,77.02,38,54,8.5,broken clouds
619,Erenhot,43.6475,111.9767,81.99,19,35,14.07,scattered clouds
620,Westport,41.1415,-73.3579,86.72,72,0,4.61,clear sky
621,Ketchikan,55.3422,-131.6461,61.27,88,20,6.91,few clouds
622,Jashpurnagar,22.9,84.15,69.87,99,100,9.17,overcast clouds
623,Mackay,-21.15,149.2,55.69,85,0,7.27,clear sky
624,Chermoz,58.787,56.1489,67.17,71,1,6.93,clear sky
625,Kununurra,-15.7667,128.7333,58.98,58,2,2.3,clear sky
626,Sabaudia,41.3003,13.0282,86.92,56,0,17.94,clear sky
627,Mopipi,-21.1833,24.8833,77.43,8,29,11.01,scattered clouds
628,Kualakapuas,-3.0091,114.3876,75.15,89,42,4.45,scattered clouds
629,Shestakovo,56.4915,103.96,48.13,94,100,2.21,overcast clouds
630,Key Largo,25.0865,-80.4473,89.01,53,28,14.09,scattered clouds
631,Yagoua,10.3411,15.2329,84.34,66,99,4.45,light rain
632,Yertsevo,60.7966,40.086,71.67,48,30,4.12,scattered clouds
633,Coihaique,-45.5752,-72.0662,44.55,87,100,0.0,overcast clouds
634,San Carlos,9.6612,-68.5827,77.2,91,97,5.28,overcast clouds
635,Venkatagiri,13.9667,79.5833,91.87,46,100,10.09,overcast clouds
636,Bairiki,1.3292,172.9752,77.0,88,20,1.14,few clouds
637,Isla Vista,34.4133,-119.861,78.35,71,100,6.91,overcast clouds
638,Mahajanga,-15.7167,46.3167,80.62,57,20,10.36,few clouds
639,Eirunepe,-6.6603,-69.8736,74.84,38,97,6.2,overcast clouds
640,Kshenskiy,51.8408,37.7136,77.88,30,98,18.72,light rain
641,Ucluelet,48.9329,-125.5528,61.11,92,100,3.71,overcast clouds
642,Pizarro,4.9533,-77.366,77.81,88,100,6.26,light rain
643,Glens Falls,43.3095,-73.644,81.95,65,75,3.0,broken clouds
644,North Bend,43.4065,-124.2243,62.85,88,100,4.61,overcast clouds
645,Araouane,18.9048,-3.5265,104.07,18,100,5.21,overcast clouds
646,Kodinsk,58.6881,99.1844,52.25,97,100,3.98,overcast clouds
647,Kormilovka,55.0026,74.1028,56.39,64,76,3.13,broken clouds
648,Pacifica,37.6138,-122.4869,63.64,92,20,11.5,mist
649,Inta,66.0317,60.1659,65.95,68,85,9.84,overcast clouds
650,Nyalikungu,-3.1833,33.7833,80.69,35,75,13.04,broken clouds
651,Kidal,18.4411,1.4078,97.57,29,10,15.52,clear sky
652,Reconquista,-29.15,-59.65,59.11,34,0,9.64,clear sky
653,Poltavka,54.3663,71.7632,57.02,62,50,8.14,scattered clouds
654,Lukow,51.929,22.3796,83.93,34,100,10.85,overcast clouds
655,Sakaraha,-22.9,44.5333,76.35,39,1,12.8,clear sky
656,Cuite,-6.4836,-36.1536,78.24,43,9,16.42,clear sky
657,Slonim,53.0867,25.3219,73.35,66,93,10.36,overcast clouds
658,Sokoni,-6.4333,39.55,76.24,71,0,13.29,clear sky
659,Riyadh,24.6877,46.7219,111.34,7,0,14.92,clear sky
660,Iquitos,-3.7481,-73.2472,68.04,88,100,8.05,overcast clouds
661,Obo,5.3998,26.4869,71.62,91,100,1.7,overcast clouds
662,Tomatlan,19.9333,-105.25,82.0,71,94,2.95,overcast clouds
663,Trairi,-3.2778,-39.2689,89.82,40,23,13.06,few clouds
664,Altus,34.6381,-99.334,81.52,68,0,8.05,haze
665,Sambava,-14.2667,50.1667,71.26,83,12,7.05,few clouds
666,Dapaong,10.8639,0.205,80.35,70,100,11.43,light rain
667,Rostock,54.0887,12.1405,76.01,66,100,9.1,overcast clouds
668,Annau,37.8876,58.516,92.7,12,0,4.61,clear sky
669,Ratnagiri,16.9833,73.3,78.91,86,97,7.18,overcast clouds
670,San Andres,12.5847,-81.7006,84.22,79,20,9.22,few clouds
671,Huimilpan,20.372,-100.2774,58.1,65,36,2.89,scattered clouds
672,Bichura,50.5881,107.6022,51.46,66,100,4.16,light rain
673,Faya,18.3851,42.4509,73.51,66,97,9.48,overcast clouds
674,Viransehir,37.2353,39.7631,97.52,15,0,10.4,clear sky
675,Chabahar,25.2919,60.643,82.31,84,35,11.59,scattered clouds
676,Mildura,-34.2,142.15,52.34,62,77,6.71,broken clouds
677,Sindou,10.6667,-5.1667,75.02,87,100,3.56,overcast clouds
678,Sorland,67.667,12.6934,53.46,93,100,21.68,overcast clouds
679,Mbanza-Ngungu,-5.25,14.8667,88.03,30,100,4.52,overcast clouds
680,Quesnel,52.9999,-122.5029,61.3,100,100,0.0,mist
681,Broome,42.2506,-75.833,81.7,67,0,6.91,clear sky
682,Ertil,51.8406,40.8056,78.75,27,99,15.82,overcast clouds
683,Miles City,46.4083,-105.8406,65.37,68,0,14.97,clear sky
684,Phangnga,8.4509,98.5298,82.44,89,100,3.71,overcast clouds
